"date","open","high","low","close"
2013-07-31,8144,8170,8079,8079
2013-08-01,8064,8112,8037,8083
2013-08-02,8103,8170,8082,8098
2013-08-05,8095,8137,8064,8132
2013-08-06,8120,8120,8026,8043
2013-08-07,7938,7962,7873,7873
2013-08-08,7880,7913,7874,7874
2013-08-09,7880,7906,7831,7853
2013-08-12,7852,7902,7850,7884
2013-08-13,7904,7974,7904,7971
2013-08-14,7960,7961,7888,7927
2013-08-15,7852,7878,7805,7858
2013-08-16,7803,7943,7800,7916
2013-08-19,7888,7903,7854,7888
2013-08-20,7852,7920,7801,7805
2013-08-22,7707,7775,7672,7753
2013-08-23,7780,7869,7780,7844
2013-08-26,7856,7900,7849,7884
2013-08-27,7859,7877,7816,7822
2013-08-28,7710,7806,7710,7806
2013-08-29,7830,7922,7816,7917
2013-08-30,7906,8003,7906,7993
2013-09-02,7992,8039,7981,8031
2013-09-03,8062,8089,8047,8079
2013-09-04,8028,8091,8028,8088
2013-09-05,8089,8155,8089,8147
2013-09-06,8148,8178,8140,8163
2013-09-09,8162,8202,8120,8181
2013-09-10,8200,8233,8155,8191
2013-09-11,8185,8200,8131,8189
2013-09-12,8181,8217,8164,8194
2013-09-13,8189,8215,8146,8147
2013-09-14,8157,8178,8147,8163
2013-09-16,8211,8259,8197,8249
2013-09-17,8222,8242,8209,8241
2013-09-18,8260,8267,8200,8201
2013-09-23,8188,8290,8188,8287
2013-09-24,8287,8307,8265,8306
2013-09-25,8285,8285,8250,8259
2013-09-26,8252,8267,8193,8210
2013-09-27,8210,8232,8208,8214
2013-09-30,8192,8192,8133,8164
2013-10-01,8175,8208,8175,8188
2013-10-02,8211,8211,8185,8185
2013-10-03,8180,8394,8180,8382
2013-10-04,8373,8388,8356,8372
2013-10-07,8372,8372,8312,8335
2013-10-08,8335,8378,8308,8374
2013-10-09,8333,8378,8319,8339
2013-10-11,8448,8450,8355,8359
2013-10-14,8348,8349,8272,8295
2013-10-15,8350,8385,8338,8357
2013-10-16,8355,8372,8336,8345
2013-10-17,8400,8433,8373,8379
2013-10-18,8379,8435,8379,8425
2013-10-21,8426,8450,8410,8414
2013-10-22,8386,8428,8377,8420
2013-10-23,8437,8445,8360,8375
2013-10-24,8361,8413,8348,8406
2013-10-25,8379,8385,8322,8346
2013-10-28,8362,8450,8355,8402
2013-10-29,8388,8435,8374,8416
2013-10-30,8448,8461,8420,8450
2013-10-31,8446,8470,8422,8441
2013-11-01,8460,8485,8387,8398
2013-11-04,8383,8385,8334,8353
2013-11-05,8322,8370,8276,8284
2013-11-06,8297,8298,8250,8284
2013-11-07,8304,8304,8243,8272
2013-11-08,8258,8273,8218,8231
2013-11-11,8226,8246,8188,8197
2013-11-12,8205,8241,8165,8203
2013-11-13,8195,8198,8102,8107
2013-11-14,8137,8156,8085,8125
2013-11-15,8175,8215,8148,8161
2013-11-18,8191,8222,8178,8188
2013-11-19,8230,8256,8209,8249
2013-11-20,8242,8250,8220,8221
2013-11-21,8200,8200,8086,8094
2013-11-22,8053,8129,8053,8106
2013-11-25,8143,8214,8143,8189
2013-11-26,8163,8271,8160,8243
2013-11-27,8245,8303,8245,8301
2013-11-28,8330,8385,8330,8381
2013-11-29,8368,8427,8368,8423
2013-12-02,8433,8442,8390,8418
2013-12-03,8391,8427,8388,8408
2013-12-04,8382,8444,8381,8435
2013-12-05,8434,8442,8361,8380
2013-12-06,8375,8410,8361,8386
2013-12-09,8478,8481,8440,8450
2013-12-10,8442,8451,8426,8445
2013-12-11,8452,8510,8422,8430
2013-12-12,8388,8406,8350,8392
2013-12-13,8360,8405,8352,8397
2013-12-16,8371,8385,8325,8334
2013-12-17,8381,8386,8358,8362
2013-12-18,8365,8368,8336,8346
2013-12-19,8400,8434,8383,8398
2013-12-20,8393,8432,8391,8421
2013-12-23,8447,8481,8447,8466
2013-12-24,8472,8474,8456,8463
2013-12-25,8566,8566,8470,8490
2013-12-26,8505,8505,8477,8491
2013-12-27,8498,8537,8478,8536
2013-12-30,8575,8617,8547,8610
2013-12-31,8630,8655,8605,8617
2014-01-02,8624,8633,8594,8610
2014-01-03,8586,8591,8542,8550
2014-01-06,8512,8561,8501,8513
2014-01-07,8513,8558,8513,8531
2014-01-08,8561,8599,8551,8586
2014-01-09,8562,8573,8514,8527
2014-01-10,8521,8549,8516,8541
2014-01-13,8580,8629,8566,8570
2014-01-14,8531,8559,8514,8547
2014-01-15,8580,8615,8567,8615
2014-01-16,8650,8663,8619,8624
2014-01-17,8606,8630,8590,8603
2014-01-20,8599,8630,8569,8627
2014-01-21,8639,8650,8614,8619
2014-01-22,8588,8638,8588,8638
2014-01-23,8655,8655,8598,8602
2014-01-24,8557,8618,8557,8608
2014-01-27,8568,8568,8454,8454
2014-02-05,8436,8436,8206,8253
2014-02-06,8270,8309,8266,8298
2014-02-07,8341,8396,8338,8365
2014-02-10,8400,8427,8388,8388
2014-02-11,8390,8440,8388,8440
2014-02-12,8450,8496,8438,8483
2014-02-13,8485,8494,8443,8444
2014-02-14,8495,8567,8488,8507
2014-02-17,8548,8557,8515,8528
2014-02-18,8522,8564,8506,8563
2014-02-19,8542,8558,8533,8555
2014-02-20,8551,8561,8504,8506
2014-02-21,8555,8608,8555,8599
2014-02-24,8600,8614,8545,8563
2014-02-25,8601,8606,8573,8582
2014-02-26,8566,8629,8561,8612
2014-02-27,8612,8641,8611,8636
2014-03-03,8619,8619,8543,8593
2014-03-04,8593,8604,8560,8567
2014-03-05,8649,8649,8592,8632
2014-03-06,8632,8713,8632,8707
2014-03-07,8721,8780,8692,8712
2014-03-10,8670,8704,8665,8683
2014-03-11,8683,8724,8683,8710
2014-03-12,8680,8680,8645,8659
2014-03-13,8689,8756,8688,8743
2014-03-14,8683,8701,8670,8694
2014-03-17,8698,8715,8655,8700
2014-03-18,8750,8752,8713,8728
2014-03-19,8732,8734,8681,8682
2014-03-20,8640,8640,8578,8583
2014-03-21,8583,8621,8574,8585
2014-03-24,8585,8609,8526,8608
2014-03-25,8608,8681,8581,8678
2014-03-26,8749,8749,8698,8723
2014-03-27,8710,8772,8710,8770
2014-03-28,8761,8795,8751,8762
2014-03-31,8800,8827,8765,8823
2014-04-01,8823,8862,8811,8857
2014-04-02,8876,8901,8873,8878
2014-04-03,8888,8897,8873,8890
2014-04-07,8813,8874,8813,8872
2014-04-08,8865,8900,8855,8892
2014-04-09,8889,8903,8878,8896
2014-04-10,8925,8938,8865,8908
2014-04-11,8850,8892,8840,8870
2014-04-14,8860,8885,8853,8858
2014-04-15,8869,8902,8860,8897
2014-04-16,8916,8941,8889,8906
2014-04-17,8993,8993,8916,8936
2014-04-18,8991,9003,8950,8955
2014-04-21,8954,8963,8942,8958
2014-04-22,8957,8990,8957,8978
2014-04-23,9010,9011,8945,8950
2014-04-24,8950,8968,8937,8950
2014-04-25,8915,8951,8764,8772
2014-04-28,8755,8842,8711,8829
2014-04-29,8858,8876,8831,8865
2014-04-30,8873,8873,8774,8778
2014-05-02,8778,8869,8778,8867
2014-05-05,8867,8911,8840,8867
2014-05-06,8866,8921,8855,8918
2014-05-07,8888,8888,8850,8876
2014-05-08,8896,8923,8873,8917
2014-05-09,8917,8918,8879,8886
2014-05-12,8864,8892,8821,8843
2014-05-13,8860,8884,8818,8825
2014-05-14,8851,8886,8830,8885
2014-05-15,8868,8887,8857,8877
2014-05-16,8841,8883,8816,8879
2014-05-19,8878,8901,8870,8888
2014-05-20,8901,8926,8890,8896
2014-05-21,8892,8904,8849,8858
2014-05-22,8893,8976,8871,8976
2014-05-23,8978,9013,8978,9012
2014-05-26,9054,9054,9013,9045
2014-05-27,9050,9063,9038,9063
2014-05-28,9068,9131,9063,9125
2014-05-29,9125,9152,9107,9107
2014-05-30,9121,9130,9083,9085
2014-06-03,9119,9126,9073,9116
2014-06-04,9115,9125,9109,9109
2014-06-05,9103,9138,9092,9133
2014-06-06,9156,9170,9132,9134
2014-06-09,9146,9166,9145,9157
2014-06-10,9161,9211,9161,9201
2014-06-11,9193,9212,9182,9210
2014-06-12,9194,9215,9181,9203
2014-06-13,9172,9198,9156,9198
2014-06-16,9182,9214,9177,9202
2014-06-17,9207,9248,9203,9243
2014-06-18,9248,9285,9207,9263
2014-06-19,9279,9315,9276,9306
2014-06-20,9306,9319,9270,9270
2014-06-23,9260,9293,9237,9247
2014-06-24,9231,9272,9231,9250
2014-06-25,9221,9250,9206,9222
2014-06-26,9228,9305,9228,9301
2014-06-27,9311,9314,9284,9284
2014-06-30,9316,9372,9298,9364
2014-07-01,9364,9461,9364,9439
2014-07-02,9443,9519,9386,9457
2014-07-03,9445,9508,9424,9504
2014-07-04,9519,9548,9466,9504
2014-07-07,9503,9511,9450,9511
2014-07-08,9501,9534,9497,9523
2014-07-09,9451,9477,9436,9464
2014-07-10,9468,9555,9463,9554
2014-07-11,9538,9566,9451,9488
2014-07-14,9480,9529,9477,9525
2014-07-15,9575,9581,9535,9561
2014-07-16,9538,9551,9460,9485
2014-07-17,9455,9477,9384,9418
2014-07-18,9303,9422,9303,9395
2014-07-21,9455,9466,9425,9434
2014-07-22,9450,9494,9424,9489
2014-07-24,9528,9528,9480,9518
2014-07-25,9525,9525,9407,9444
2014-07-28,9407,9463,9389,9442
2014-07-29,9466,9479,9384,9394
2014-07-30,9399,9436,9397,9428
2014-07-31,9438,9453,9300,9312
2014-08-01,9249,9286,9232,9276
2014-08-04,9279,9329,9261,9322
2014-08-05,9316,9316,9141,9150
2014-08-06,9109,9150,9075,9121
2014-08-07,9132,9155,9097,9115
2014-08-08,9076,9098,9018,9098
2014-08-11,9160,9172,9118,9154
2014-08-12,9165,9180,9125,9150
2014-08-13,9131,9203,9120,9200
2014-08-14,9230,9253,9203,9220
2014-08-15,9210,9218,9155,9202
2014-08-18,9212,9224,9126,9139
2014-08-19,9162,9249,9161,9239
2014-08-20,9266,9280,9244,9275
2014-08-21,9277,9277,9228,9249
2014-08-22,9250,9385,9250,9374
2014-08-25,9380,9399,9369,9395
2014-08-26,9393,9408,9381,9392
2014-08-27,9447,9485,9442,9474
2014-08-28,9489,9500,9468,9477
2014-08-29,9469,9478,9431,9464
2014-09-01,9454,9537,9454,9516
2014-09-02,9503,9503,9396,9416
2014-09-03,9430,9472,9417,9449
2014-09-04,9457,9457,9382,9423
2014-09-05,9426,9455,9374,9401
2014-09-09,9436,9518,9417,9417
2014-09-10,9382,9402,9311,9347
2014-09-11,9375,9385,9300,9302
2014-09-12,9326,9329,9229,9246
2014-09-15,9204,9243,9172,9220
2014-09-16,9219,9233,9141,9153
2014-09-17,9165,9249,9165,9222
2014-09-18,9218,9255,9203,9232
2014-09-19,9280,9296,9233,9253
2014-09-22,9198,9198,9106,9131
2014-09-23,9136,9148,9097,9102
2014-09-24,9098,9137,9081,9124
2014-09-25,9150,9161,9000,9022
2014-09-26,8951,9007,8942,8980
2014-09-29,8999,9004,8943,8970
2014-09-30,8959,9005,8876,8970
2014-10-01,8962,9000,8916,8977
2014-10-02,8903,9008,8903,8989
2014-10-03,8986,9108,8986,9098
2014-10-06,9125,9125,9063,9090
2014-10-07,9054,9054,8988,9033
2014-10-08,8985,9029,8929,8935
2014-10-09,8995,9038,8950,8980
2014-10-13,8802,8817,8712,8713
2014-10-14,8730,8759,8702,8745
2014-10-15,8728,8740,8655,8665
2014-10-16,8580,8686,8517,8629
2014-10-17,8651,8677,8505,8505
2014-10-20,8586,8685,8586,8667
2014-10-21,8667,8670,8626,8645
2014-10-22,8745,8765,8724,8748
2014-10-23,8724,8742,8710,8729
2014-10-24,8761,8761,8622,8649
2014-10-27,8673,8695,8609,8642
2014-10-28,8643,8792,8643,8782
2014-10-29,8868,8902,8816,8883
2014-10-30,8871,8892,8844,8882
2014-10-31,8907,8985,8881,8985
2014-11-03,8981,9030,8950,8984
2014-11-04,8983,9058,8983,9000
2014-11-05,9041,9041,8969,8987
2014-11-06,8984,9005,8888,8897
2014-11-07,8920,8935,8866,8928
2014-11-10,8960,9072,8960,9060
2014-11-11,9084,9090,9037,9048
2014-11-12,9030,9034,8900,8903
2014-11-13,8922,8978,8902,8961
2014-11-14,8980,8996,8933,8961
2014-11-17,8955,9043,8872,8901
2014-11-18,8950,8959,8838,8875
2014-11-19,8881,8988,8881,8972
2014-11-20,9024,9088,9005,9079
2014-11-21,9115,9117,9075,9098
2014-11-24,9130,9159,9113,9130
2014-11-25,9128,9151,9075,9113
2014-11-26,9114,9143,9100,9126
2014-11-27,9127,9226,9127,9174
2014-11-28,9182,9201,9172,9181
2014-12-01,9013,9177,9002,9119
2014-12-02,9080,9099,9012,9040
2014-12-03,9060,9200,9045,9200
2014-12-04,9217,9261,9201,9223
2014-12-05,9182,9233,9182,9217
2014-12-08,9262,9263,9178,9191
2014-12-09,9131,9175,9131,9135
2014-12-10,9092,9136,9003,9047
2014-12-11,8977,9049,8959,9010
2014-12-12,9027,9069,9003,9006
2014-12-15,8958,9038,8926,9038
2014-12-16,8980,9042,8963,8979
2014-12-17,8979,8982,8850,8850
2014-12-18,8877,8929,8863,8869
2014-12-19,8988,9030,8956,9008
2014-12-22,9034,9093,9022,9092
2014-12-23,9113,9128,9092,9105
2014-12-24,9120,9182,9120,9170
2014-12-25,9170,9197,9167,9178
2014-12-26,9169,9225,9169,9225
2014-12-27,9243,9256,9228,9254
2014-12-29,9251,9332,9251,9307
2014-12-30,9329,9340,9272,9286
2014-12-31,9281,9302,9255,9277
2015-01-05,9193,9277,9177,9251
2015-01-06,9172,9172,9036,9066
2015-01-07,9070,9088,9050,9070
2015-01-08,9122,9256,9122,9255
2015-01-09,9313,9341,9223,9225
2015-01-12,9185,9242,9160,9184
2015-01-13,9208,9262,9165,9249
2015-01-14,9238,9247,9152,9171
2015-01-15,9186,9229,9130,9198
2015-01-16,9174,9229,9081,9118
2015-01-19,9208,9259,9141,9183
2015-01-20,9222,9270,9182,9269
2015-01-21,9288,9316,9280,9306
2015-01-22,9345,9395,9338,9380
2015-01-23,9434,9476,9434,9458
2015-01-26,9432,9472,9432,9467
2015-01-27,9540,9540,9477,9520
2015-01-28,9500,9532,9469,9526
2015-01-29,9499,9500,9419,9419
2015-01-30,9459,9465,9379,9385
2015-02-02,9338,9417,9338,9408
2015-02-03,9420,9465,9400,9450
2015-02-04,9526,9548,9507,9514
2015-02-05,9501,9513,9475,9509
2015-02-06,9529,9531,9450,9463
2015-02-09,9420,9453,9417,9442
2015-02-10,9457,9457,9407,9415
2015-02-11,9460,9510,9457,9480
2015-02-12,9495,9500,9462,9484
2015-02-13,9512,9549,9505,9516
2015-02-24,9599,9642,9596,9642
2015-02-25,9680,9689,9655,9680
2015-02-26,9688,9688,9632,9640
2015-03-02,9645,9676,9604,9618
2015-03-03,9638,9646,9580,9611
2015-03-04,9578,9624,9577,9619
2015-03-05,9614,9627,9561,9588
2015-03-06,9592,9646,9572,9646
2015-03-09,9600,9600,9554,9578
2015-03-10,9580,9588,9529,9546
2015-03-11,9464,9545,9450,9521
2015-03-12,9528,9610,9508,9610
2015-03-13,9617,9633,9583,9597
2015-03-16,9586,9594,9535,9544
2015-03-17,9580,9645,9548,9555
2015-03-18,9572,9673,9572,9673
2015-03-19,9710,9759,9701,9758
2015-03-20,9738,9756,9728,9750
2015-03-23,9765,9769,9728,9752
2015-03-24,9744,9763,9708,9737
2015-03-25,9724,9725,9674,9677
2015-03-26,9591,9630,9569,9607
2015-03-27,9623,9630,9521,9532
2015-03-30,9492,9565,9492,9550
2015-03-31,9600,9609,9540,9568
2015-04-01,9556,9556,9504,9511
2015-04-02,9534,9627,9534,9618
2015-04-07,9638,9654,9609,9647
2015-04-08,9630,9635,9558,9570
2015-04-09,9576,9675,9563,9572
2015-04-10,9625,9665,9591,9633
2015-04-13,9670,9683,9633,9657
2015-04-14,9641,9673,9626,9645
2015-04-15,9630,9630,9540,9541
2015-04-16,9559,9659,9540,9659
2015-04-17,9632,9640,9575,9590
2015-04-20,9531,9578,9517,9561
2015-04-21,9588,9603,9526,9545
2015-04-22,9545,9629,9545,9613
2015-04-23,9659,9846,9651,9834
2015-04-24,9867,9995,9852,9914
2015-04-27,9952,10018,9945,10000
2015-04-28,10003,10018,9946,9976
2015-04-29,9958,9989,9876,9891
2015-04-30,9886,9911,9847,9861
2015-05-04,9873,9894,9815,9863
2015-05-05,9863,9863,9795,9822
2015-05-06,9770,9844,9752,9830
2015-05-07,9778,9787,9728,9731
2015-05-08,9749,9763,9696,9696
2015-05-11,9780,9790,9647,9693
2015-05-12,9671,9701,9650,9679
2015-05-13,9712,9775,9697,9739
2015-05-14,9736,9740,9599,9604
2015-05-15,9637,9643,9541,9576
2015-05-18,9613,9614,9551,9600
2015-05-19,9613,9722,9602,9703
2015-05-20,9703,9703,9664,9688
2015-05-21,9650,9656,9534,9553
2015-05-22,9562,9662,9561,9641
2015-05-25,9639,9655,9580,9651
2015-05-26,9628,9732,9628,9675
2015-05-27,9635,9702,9623,9666
2015-05-28,9722,9750,9700,9738
2015-05-29,9738,9768,9696,9713
2015-06-01,9669,9720,9608,9642
2015-06-02,9614,9649,9584,9616
2015-06-03,9632,9647,9549,9555
2015-06-04,9555,9558,9318,9342
2015-06-05,9316,9362,9285,9323
2015-06-08,9328,9416,9258,9366
2015-06-09,9321,9355,9210,9236
2015-06-10,9256,9328,9253,9287
2015-06-11,9332,9333,9224,9286
2015-06-12,9277,9314,9231,9267
2015-06-15,9268,9318,9220,9245
2015-06-16,9245,9258,9164,9215
2015-06-17,9200,9240,9159,9211
2015-06-18,9205,9227,9168,9208
2015-06-22,9269,9360,9269,9346
2015-06-23,9395,9431,9377,9403
2015-06-24,9290,9338,9280,9338
2015-06-25,9358,9439,9350,9421
2015-06-26,9421,9421,9385,9406
2015-06-29,9306,9306,9199,9222
2015-06-30,9222,9300,9205,9294
2015-07-01,9265,9372,9261,9354
2015-07-02,9364,9382,9324,9359
2015-07-03,9326,9367,9241,9367
2015-07-06,9298,9350,9250,9262
2015-07-07,9347,9347,9254,9273
2015-07-08,9214,9214,8911,8945
2015-07-09,8802,8939,8723,8876
2015-07-13,8942,9004,8902,8992
2015-07-14,9047,9084,8981,8984
2015-07-15,9038,9040,8955,8996
2015-07-16,9049,9088,9016,9030
2015-07-17,9018,9051,8988,9026
2015-07-20,9084,9135,8930,8965
2015-07-21,9081,9081,8930,9047
2015-07-22,8950,8950,8878,8896
2015-07-23,8895,8895,8744,8827
2015-07-24,8800,8803,8730,8758
2015-07-27,8710,8731,8568,8585
2015-07-28,8501,8648,8501,8596
2015-07-29,8547,8603,8506,8534
2015-07-30,8573,8679,8557,8655
2015-07-31,8670,8670,8566,8636
2015-08-03,8608,8608,8457,8514
2015-08-04,8514,8584,8450,8499
2015-08-05,8473,8549,8468,8528
2015-08-06,8571,8589,8383,8413
2015-08-07,8385,8444,8319,8402
2015-08-10,8415,8468,8360,8454
2015-08-11,8515,8568,8362,8367
2015-08-12,8362,8390,8242,8301
2015-08-13,8347,8364,8275,8309
2015-08-14,8263,8333,8262,8330
2015-08-17,8332,8333,8224,8239
2015-08-18,8236,8276,8161,8172
2015-08-19,8182,8182,8005,8026
2015-08-20,7985,8081,7945,8027
2015-08-21,7914,7928,7779,7784
2015-08-24,7671,7711,7072,7400
2015-08-25,7400,7659,7357,7641
2015-08-26,7600,7710,7471,7650
2015-08-27,7706,7785,7688,7756
2015-08-28,7840,7963,7840,7936
2015-08-31,7899,8127,7877,8096
2015-09-01,8047,8114,7933,7965
2015-09-02,7768,8037,7768,8000
2015-09-03,8036,8090,7953,8058
2015-09-04,8025,8119,7964,7974
2015-09-07,7930,8063,7930,7986
2015-09-08,7976,8043,7955,8034
2015-09-09,8116,8340,8103,8335
2015-09-10,8235,8292,8192,8269
2015-09-11,8225,8295,8202,8268
2015-09-14,8316,8338,8210,8275
2015-09-15,8299,8332,8230,8237
2015-09-16,8291,8326,8252,8292
2015-09-17,8356,8481,8356,8448
2015-09-18,8441,8471,8396,8458
2015-09-21,8355,8356,8262,8292
2015-09-22,8330,8362,8298,8357
2015-09-23,8244,8264,8158,8166
2015-09-24,8207,8240,8080,8111
2015-09-25,8166,8166,8051,8133
2015-09-30,8011,8180,7993,8151
2015-10-01,8194,8329,8133,8319
2015-10-02,8300,8317,8271,8293
2015-10-05,8375,8386,8308,8350
2015-10-06,8438,8488,8383,8388
2015-10-07,8388,8503,8371,8497
2015-10-08,8532,8549,8439,8456
2015-10-12,8463,8585,8463,8573
2015-10-13,8577,8586,8532,8571
2015-10-14,8524,8554,8491,8520
2015-10-15,8559,8667,8556,8611
2015-10-16,8588,8626,8571,8609
2015-10-19,8629,8670,8589,8622
2015-10-20,8638,8663,8630,8660
2015-10-21,8704,8704,8593,8620
2015-10-22,8599,8631,8571,8600
2015-10-23,8751,8757,8675,8697
2015-10-26,8747,8759,8720,8736
2015-10-27,8727,8728,8673,8703
2015-10-28,8680,8715,8627,8645
2015-10-29,8678,8690,8557,8557
2015-10-30,8571,8600,8498,8569
2015-11-02,8542,8601,8512,8595
2015-11-03,8665,8729,8650,8714
2015-11-04,8870,8886,8856,8877
2015-11-05,8874,8887,8828,8872
2015-11-06,8836,8846,8646,8688
2015-11-09,8682,8749,8589,8633
2015-11-10,8574,8595,8534,8548
2015-11-11,8505,8549,8372,8377
2015-11-12,8399,8461,8354,8461
2015-11-13,8386,8475,8318,8356
2015-11-16,8250,8306,8212,8287
2015-11-17,8371,8490,8371,8439
2015-11-18,8436,8449,8288,8288
2015-11-19,8370,8472,8342,8458
2015-11-20,8460,8481,8417,8454
2015-11-23,8486,8517,8422,8493
2015-11-24,8468,8495,8377,8409
2015-11-25,8407,8410,8335,8390
2015-11-26,8391,8521,8391,8500
2015-11-27,8536,8536,8382,8395
2015-11-30,8323,8350,8231,8314
2015-12-01,8374,8456,8327,8455
2015-12-02,8440,8509,8425,8455
2015-12-03,8392,8488,8374,8471
2015-12-04,8376,8409,8347,8407
2015-12-07,8514,8546,8461,8474
2015-12-08,8467,8467,8338,8340
2015-12-09,8303,8329,8213,8221
2015-12-10,8183,8207,8101,8189
2015-12-11,8210,8220,8067,8068
2015-12-14,7963,8065,7948,8065
2015-12-15,8088,8137,8048,8066
2015-12-16,8153,8204,8098,8180
2015-12-17,8260,8318,8195,8301
2015-12-18,8284,8330,8232,8247
2015-12-21,8187,8306,8158,8306
2015-12-22,8266,8312,8250,8305
2015-12-23,8317,8364,8295,8306
2015-12-24,8369,8394,8309,8330
2015-12-25,8344,8385,8325,8385
2015-12-28,8384,8401,8361,8366
2015-12-29,8338,8352,8290,8298
2015-12-30,8319,8334,8244,8275
2015-12-31,8262,8304,8253,8285
2016-01-04,8286,8304,8065,8096
2016-01-05,8097,8148,8044,8055
2016-01-06,8050,8058,7938,7989
2016-01-07,7980,7983,7765,7827
2016-01-08,7780,7899,7758,7887
2016-01-11,7769,7815,7714,7775
2016-01-12,7802,7829,7720,7732
2016-01-13,7780,7849,7736,7809
2016-01-14,7648,7724,7607,7716
2016-01-15,7807,7810,7635,7665
2016-01-18,7503,7828,7503,7812
2016-01-19,7800,7869,7750,7869
2016-01-20,7801,7801,7623,7623
2016-01-21,7640,7725,7630,7638
2016-01-22,7738,7774,7675,7768
2016-01-25,7826,7891,7789,7862
2016-01-26,7808,7841,7788,7820
2016-01-27,7861,7889,7806,7860
2016-01-28,7836,7918,7819,7884
2016-01-29,7873,8090,7854,8075
2016-01-30,8140,8169,8115,8165
2016-02-01,8165,8165,8094,8146
2016-02-02,8100,8158,8091,8123
2016-02-03,8057,8104,8020,8051
2016-02-15,7925,8068,7906,8046
2016-02-16,8076,8232,8076,8207
2016-02-17,8243,8249,8180,8198
2016-02-18,8300,8330,8257,8297
2016-02-19,8283,8325,8263,8314
2016-02-22,8302,8402,8282,8315
2016-02-23,8345,8348,8300,8336
2016-02-24,8301,8382,8249,8267
2016-02-25,8286,8382,8286,8355
2016-02-26,8397,8422,8337,8402
2016-03-01,8401,8488,8378,8462
2016-03-02,8546,8584,8515,8535
2016-03-03,8538,8615,8533,8584
2016-03-04,8593,8634,8571,8624
2016-03-07,8638,8703,8610,8632
2016-03-08,8632,8650,8564,8646
2016-03-09,8609,8632,8556,8621
2016-03-10,8630,8675,8601,8641
2016-03-11,8620,8709,8608,8709
2016-03-14,8733,8778,8725,8741
2016-03-15,8737,8750,8578,8601
2016-03-16,8639,8681,8627,8678
2016-03-17,8750,8827,8708,8721
2016-03-18,8743,8802,8729,8794
2016-03-21,8823,8835,8733,8780
2016-03-22,8792,8800,8705,8787
2016-03-23,8761,8801,8736,8736
2016-03-24,8727,8774,8664,8741
2016-03-25,8741,8784,8708,8724
2016-03-28,8725,8751,8690,8709
2016-03-29,8695,8712,8591,8625
2016-03-30,8651,8759,8649,8754
2016-03-31,8812,8824,8714,8735
2016-04-01,8688,8710,8627,8655
2016-04-06,8601,8604,8479,8486
2016-04-07,8495,8512,8413,8467
2016-04-08,8404,8529,8404,8514
2016-04-11,8487,8555,8451,8542
2016-04-12,8552,8605,8502,8526
2016-04-13,8546,8644,8528,8636
2016-04-14,8713,8724,8646,8660
2016-04-15,8620,8720,8591,8718
2016-04-18,8658,8684,8631,8645
2016-04-19,8700,8748,8600,8635
2016-04-20,8647,8657,8471,8474
2016-04-21,8540,8567,8487,8564
2016-04-22,8549,8583,8498,8535
2016-04-25,8551,8562,8511,8556
2016-04-26,8555,8632,8555,8590
2016-04-27,8566,8604,8534,8583
2016-04-28,8612,8614,8441,8442
2016-04-29,8410,8422,8340,8343
2016-05-03,8353,8359,8268,8295
2016-05-04,8256,8273,8131,8201
2016-05-05,8189,8203,8123,8172
2016-05-06,8142,8155,8090,8125
2016-05-09,8152,8177,8095,8137
2016-05-10,8137,8181,8082,8165
2016-05-11,8179,8192,8081,8125
2016-05-12,8095,8155,8066,8082
2016-05-13,8066,8075,7954,8016
2016-05-16,8026,8085,7988,8063
2016-05-17,8077,8152,8021,8150
2016-05-18,8074,8137,8045,8136
2016-05-19,8122,8150,8040,8055
2016-05-20,8064,8145,8054,8134
2016-05-23,8123,8371,8086,8364
2016-05-24,8353,8353,8296,8302
2016-05-25,8354,8420,8354,8398
2016-05-26,8414,8418,8371,8396
2016-05-27,8422,8474,8411,8474
2016-05-30,8495,8540,8447,8526
2016-05-31,8498,8550,8468,8520
2016-06-01,8515,8595,8496,8579
2016-06-02,8579,8617,8541,8557
2016-06-03,8573,8591,8552,8574
2016-06-04,8580,8595,8571,8586
2016-06-06,8583,8656,8529,8589
2016-06-07,8604,8686,8604,8672
2016-06-08,8676,8742,8670,8717
2016-06-13,8638,8639,8502,8523
2016-06-14,8495,8578,8483,8576
2016-06-15,8563,8610,8517,8592
2016-06-16,8591,8591,8435,8461
2016-06-17,8526,8600,8519,8574
2016-06-20,8619,8687,8605,8641
2016-06-21,8628,8688,8615,8679
2016-06-22,8599,8625,8580,8620
2016-06-23,8619,8636,8588,8622
2016-06-24,8620,8655,8284,8361
2016-06-27,8367,8455,8367,8448
2016-06-28,8399,8511,8386,8502
2016-06-29,8451,8573,8451,8525
2016-06-30,8576,8632,8539,8613
2016-07-01,8666,8720,8652,8707
2016-07-04,8711,8763,8690,8727
2016-07-05,8691,8728,8677,8713
2016-07-06,8593,8603,8510,8537
2016-07-07,8538,8622,8538,8622
2016-07-11,8757,8777,8722,8777
2016-07-12,8791,8828,8777,8819
2016-07-13,8829,8837,8726,8792
2016-07-14,8801,8841,8769,8813
2016-07-15,8848,8924,8823,8915
2016-07-18,8916,9002,8912,8999
2016-07-19,9012,9036,8962,9036
2016-07-20,8981,9005,8956,8962
2016-07-21,9002,9084,9002,9063
2016-07-22,9048,9067,9010,9010
2016-07-25,9039,9103,8900,8981
2016-07-26,8970,9047,8956,9047
2016-07-27,9017,9095,9013,9032
2016-07-28,9036,9072,8990,9038
2016-07-29,9062,9070,8949,8952
2016-08-01,8992,9100,8992,9100
2016-08-02,9080,9089,9052,9073
2016-08-03,8918,9001,8897,8970
2016-08-04,9015,9020,8938,9009
2016-08-05,9025,9100,9015,9093
2016-08-08,9156,9169,9104,9149
2016-08-09,9150,9168,9133,9146
2016-08-10,9135,9167,9090,9149
2016-08-11,9124,9158,9000,9089
2016-08-12,9130,9149,9102,9132
2016-08-15,9143,9160,9087,9123
2016-08-16,9155,9155,9053,9088
2016-08-17,9059,9084,9047,9067
2016-08-18,9074,9120,9053,9107
2016-08-19,9117,9167,9009,9011
2016-08-22,9006,9013,8922,8956
2016-08-23,8986,9044,8969,9039
2016-08-24,9022,9053,8998,9000
2016-08-25,8986,9117,8986,9111
2016-08-26,9105,9132,9089,9126
2016-08-29,9100,9126,9020,9104
2016-08-30,9122,9140,9095,9105
2016-08-31,9056,9089,9005,9014
2016-09-01,9008,9020,8931,8980
2016-09-02,8985,9007,8950,8972
2016-09-05,9024,9091,9024,9091
2016-09-06,9097,9181,9095,9169
2016-09-07,9196,9272,9190,9265
2016-09-08,9262,9265,9230,9255
2016-09-09,9200,9200,9141,9147
2016-09-10,9000,9038,8961,8993
2016-09-12,9011,9029,8934,8934
2016-09-13,9008,9008,8858,8939
2016-09-14,8870,8942,8854,8876
2016-09-19,8940,9157,8935,9151
2016-09-20,9150,9165,9113,9142
2016-09-21,9117,9200,9105,9196
2016-09-22,9242,9291,9195,9222
2016-09-23,9245,9273,9227,9265
2016-09-26,9249,9249,9182,9188
2016-09-29,9236,9309,9236,9267
2016-09-30,9202,9228,9151,9153
2016-10-03,9211,9250,9187,9217
2016-10-04,9211,9281,9211,9275
2016-10-05,9224,9276,9224,9260
2016-10-06,9288,9293,9232,9276
2016-10-07,9266,9285,9258,9268
2016-10-11,9308,9350,9164,9204
2016-10-12,9177,9274,9164,9261
2016-10-13,9266,9278,9180,9201
2016-10-14,9200,9224,9148,9169
2016-10-17,9183,9193,9060,9169
2016-10-18,9180,9218,9154,9212
2016-10-19,9231,9280,9228,9266
2016-10-20,9278,9309,9261,9294
2016-10-21,9283,9332,9257,9280
2016-10-24,9307,9339,9290,9325
2016-10-25,9344,9401,9330,9387
2016-10-26,9333,9373,9333,9349
2016-10-27,9346,9360,9276,9302
2016-10-28,9289,9325,9279,9293
2016-10-31,9280,9310,9191,9297
2016-11-01,9270,9306,9241,9293
2016-11-02,9199,9239,9160,9172
2016-11-03,9128,9173,9091,9100
2016-11-04,9072,9103,9061,9077
2016-11-07,9143,9209,9130,9209
2016-11-08,9221,9240,9175,9233
2016-11-09,9227,9308,8891,8927
2016-11-10,9138,9192,9134,9178
2016-11-11,9074,9074,8950,8967
2016-11-14,8961,8988,8877,8944
2016-11-15,8902,8975,8896,8937
2016-11-16,8995,9013,8966,8968
2016-11-17,8965,8982,8923,8977
2016-11-18,8987,9020,8949,9004
2016-11-21,8992,9042,8991,9036
2016-11-22,9073,9168,9070,9142
2016-11-23,9163,9199,9155,9183
2016-11-24,9166,9173,9132,9154
2016-11-25,9147,9195,9146,9171
2016-11-28,9168,9246,9159,9227
2016-11-29,9226,9245,9197,9203
2016-11-30,9210,9247,9186,9230
2016-12-01,9240,9280,9225,9265
2016-12-02,9210,9211,9161,9175
2016-12-05,9161,9189,9135,9162
2016-12-06,9236,9278,9236,9259
2016-12-07,9299,9306,9255,9265
2016-12-08,9389,9389,9318,9366
2016-12-09,9375,9395,9368,9385
2016-12-12,9398,9432,9349,9352
2016-12-13,9339,9379,9338,9379
2016-12-14,9406,9413,9354,9368
2016-12-15,9333,9375,9305,9369
2016-12-16,9368,9370,9309,9311
2016-12-19,9291,9317,9242,9245
2016-12-20,9262,9266,9209,9262
2016-12-21,9260,9260,9226,9226
2016-12-22,9213,9226,9126,9132
2016-12-23,9117,9148,9086,9093
2016-12-26,9102,9132,9091,9124
2016-12-27,9117,9126,9107,9115
2016-12-28,9104,9214,9104,9212
2016-12-29,9195,9212,9173,9180
2016-12-30,9205,9282,9205,9263
2017-01-03,9263,9288,9236,9288
2017-01-04,9284,9294,9272,9280
2017-01-05,9279,9360,9278,9354
2017-01-06,9359,9383,9355,9374
2017-01-09,9386,9411,9342,9348
2017-01-10,9332,9353,9330,9353
2017-01-11,9390,9396,9333,9336
2017-01-12,9351,9433,9350,9411
2017-01-13,9391,9397,9361,9376
2017-01-16,9360,9361,9274,9286
2017-01-17,9281,9344,9279,9340
2017-01-18,9329,9339,9315,9330
2017-01-19,9343,9354,9274,9320
2017-01-20,9297,9351,9297,9342
2017-01-23,9329,9428,9329,9424
2017-01-24,9440,9475,9416,9447
2017-02-02,9493,9505,9389,9389
2017-02-03,9432,9475,9429,9458
2017-02-06,9493,9546,9465,9522
2017-02-07,9518,9548,9501,9543
2017-02-08,9519,9535,9464,9517
2017-02-09,9512,9579,9505,9576
2017-02-10,9601,9681,9586,9658
2017-02-13,9668,9706,9661,9704
2017-02-14,9727,9758,9695,9712
2017-02-15,9732,9813,9725,9809
2017-02-16,9825,9857,9764,9779
2017-02-17,9763,9791,9756,9769
2017-02-18,9782,9793,9782,9793
2017-02-20,9793,9817,9741,9766
2017-02-21,9781,9781,9726,9762
2017-02-22,9794,9827,9776,9784
2017-02-23,9786,9814,9757,9771
2017-02-24,9764,9780,9735,9759
2017-03-01,9741,9762,9680,9682
2017-03-02,9772,9785,9648,9691
2017-03-03,9649,9673,9629,9636
2017-03-06,9642,9689,9624,9689
2017-03-07,9688,9739,9687,9733
2017-03-08,9738,9765,9701,9748
2017-03-09,9740,9741,9642,9650
2017-03-10,9643,9652,9555,9626
2017-03-13,9640,9698,9640,9693
2017-03-14,9719,9767,9712,9748
2017-03-15,9744,9746,9715,9730
2017-03-16,9810,9850,9789,9844
2017-03-17,9854,9904,9841,9897
2017-03-20,9881,9913,9865,9906
2017-03-21,9931,9980,9926,9968
2017-03-22,9900,9912,9860,9902
2017-03-23,9944,9959,9888,9917
2017-03-24,9924,9928,9890,9905
2017-03-27,9888,9916,9850,9870
2017-03-28,9920,9930,9807,9883
2017-03-29,9900,9904,9853,9860
2017-03-30,9860,9880,9838,9848
2017-03-31,9856,9866,9807,9815
2017-04-05,9841,9967,9841,9967
2017-04-06,9923,9938,9883,9893
2017-04-07,9904,9904,9790,9867
2017-04-10,9862,9896,9851,9884
2017-04-11,9866,9896,9822,9829
2017-04-12,9818,9830,9776,9812
2017-04-13,9797,9869,9792,9847
2017-04-14,9805,9809,9711,9716
2017-04-17,9740,9754,9680,9722
2017-04-18,9759,9772,9721,9737
2017-04-19,9699,9699,9632,9639
2017-04-20,9600,9653,9600,9631
2017-04-21,9680,9717,9672,9709
2017-04-24,9709,9771,9691,9712
2017-04-25,9735,9832,9735,9824
2017-04-26,9870,9873,9838,9848
2017-04-27,9846,9857,9820,9848
2017-04-28,9855,9894,9847,9866
2017-05-02,9910,9953,9910,9935
2017-05-03,9935,9968,9935,9942
2017-05-04,9956,9971,9934,9968
2017-05-05,9960,9960,9891,9893
2017-05-08,9939,9965,9903,9932
2017-05-09,9925,9997,9905,9907
2017-05-10,9942,9959,9918,9949
2017-05-11,9962,9997,9946,9989
2017-05-12,9980,9996,9965,9981
2017-05-15,9988,10031,9976,10027
2017-05-16,10043,10055,10000,10023
2017-05-17,9989,10009,9976,9988
2017-05-18,9913,9962,9886,9960
2017-05-19,9978,9978,9937,9938
2017-05-22,9989,9989,9955,9983
2017-05-23,9996,10026,9983,10002
2017-05-24,10006,10038,10006,10037
2017-05-25,10052,10114,10052,10114
2017-05-26,10136,10136,10083,10093
2017-05-31,10091,10100,10030,10035
2017-06-01,10036,10084,10031,10079
2017-06-02,10131,10146,10117,10142
2017-06-03,10156,10163,10144,10160
2017-06-05,10148,10219,10130,10217
2017-06-06,10213,10213,10195,10195
2017-06-07,10192,10232,10176,10194
2017-06-08,10210,10226,10194,10220
2017-06-09,10241,10257,10194,10199
2017-06-12,10135,10161,10115,10124
2017-06-13,10136,10147,10113,10137
2017-06-14,10160,10166,10021,10063
2017-06-15,10051,10075,10017,10073
2017-06-16,10076,10159,10061,10147
2017-06-19,10164,10250,10162,10241
2017-06-20,10277,10352,10267,10321
2017-06-21,10212,10290,10206,10270
2017-06-22,10286,10333,10283,10333
2017-06-23,10326,10343,10300,10311
2017-06-26,10301,10518,10301,10505
2017-06-27,10515,10531,10480,10493
2017-06-28,10399,10434,10354,10355
2017-06-29,10418,10453,10360,10393
2017-06-30,10309,10365,10304,10356
2017-07-03,10373,10415,10355,10415
2017-07-04,10425,10425,10332,10336
2017-07-05,10271,10362,10251,10362
2017-07-06,10385,10387,10308,10311
2017-07-07,10291,10305,10270,10273
2017-07-10,10293,10300,10255,10271
2017-07-11,10291,10418,10290,10406
2017-07-12,10346,10384,10330,10341
2017-07-13,10390,10442,10371,10421
2017-07-14,10418,10423,10391,10402
2017-07-17,10457,10480,10414,10436
2017-07-18,10428,10465,10407,10463
2017-07-19,10463,10507,10435,10473
2017-07-20,10498,10510,10463,10478
2017-07-21,10466,10466,10416,10416
2017-07-24,10387,10450,10375,10448
2017-07-25,10454,10473,10432,10454
2017-07-26,10437,10489,10384,10391
2017-07-27,10430,10511,10428,10504
2017-07-28,10449,10460,10388,10404
2017-07-31,10396,10420,10359,10417
2017-08-01,10421,10473,10416,10422
2017-08-02,10452,10493,10448,10484
2017-08-03,10450,10463,10368,10442
2017-08-04,10433,10493,10433,10478
2017-08-07,10509,10572,10509,10563
2017-08-08,10586,10600,10530,10566
2017-08-09,10470,10497,10437,10453
2017-08-10,10475,10485,10309,10329
2017-08-11,10230,10327,10225,10303
2017-08-14,10342,10356,10223,10230
2017-08-15,10310,10330,10261,10308
2017-08-16,10257,10284,10231,10264
2017-08-17,10295,10357,10290,10335
2017-08-18,10263,10307,10246,10300
2017-08-21,10302,10323,10266,10316
2017-08-22,10363,10397,10349,10388
2017-08-23,10413,10472,10369,10383
2017-08-24,10400,10482,10394,10474
2017-08-25,10498,10518,10467,10514
2017-08-28,10505,10538,10485,10517
2017-08-29,10482,10510,10457,10492
2017-08-30,10536,10570,10524,10556
2017-08-31,10597,10606,10562,10577
2017-09-01,10602,10618,10570,10599
2017-09-04,10575,10604,10564,10577
2017-09-05,10608,10613,10560,10611
2017-09-06,10541,10591,10513,10545
2017-09-07,10579,10585,10500,10507
2017-09-08,10522,10592,10514,10572
2017-09-11,10655,10657,10563,10585
2017-09-12,10624,10629,10590,10608
2017-09-13,10595,10602,10510,10521
2017-09-14,10515,10545,10486,10530
2017-09-15,10527,10570,10491,10568
2017-09-18,10605,10649,10581,10638
2017-09-19,10648,10657,10568,10578
2017-09-20,10544,10568,10508,10530
2017-09-21,10523,10598,10492,10592
2017-09-22,10570,10572,10449,10452
2017-09-25,10452,10470,10333,10348
2017-09-26,10310,10377,10270,10270
2017-09-27,10306,10349,10304,10340
2017-09-28,10364,10364,10288,10315
2017-09-29,10316,10336,10279,10329
2017-09-30,10369,10402,10365,10392
2017-10-02,10406,10466,10402,10463
2017-10-03,10484,10484,10447,10477
2017-10-05,10458,10526,10458,10515
2017-10-06,10546,10551,10514,10536
2017-10-11,10555,10647,10554,10633
2017-10-12,10655,10705,10640,10699
2017-10-13,10686,10713,10670,10710
2017-10-16,10745,10762,10710,10756
2017-10-17,10776,10781,10720,10722
2017-10-18,10768,10780,10701,10729
2017-10-19,10751,10805,10746,10769
2017-10-20,10737,10766,10711,10732
2017-10-23,10769,10790,10734,10742
2017-10-24,10728,10761,10725,10757
2017-10-25,10765,10785,10737,10745
2017-10-26,10718,10753,10708,10731
2017-10-27,10755,10795,10695,10716
2017-10-30,10769,10831,10742,10754
2017-10-31,10760,10816,10744,10794
2017-11-01,10833,10833,10792,10823
2017-11-02,10786,10815,10764,10795
2017-11-03,10815,10819,10764,10801
2017-11-06,10804,10838,10766,10783
2017-11-07,10802,10836,10790,10835
2017-11-08,10811,10824,10796,10805
2017-11-09,10812,10823,10706,10721
2017-11-10,10687,10737,10662,10729
2017-11-13,10711,10726,10688,10691
2017-11-14,10694,10714,10638,10683
2017-11-15,10646,10651,10604,10616
2017-11-16,10600,10643,10591,10633
2017-11-17,10725,10725,10687,10710
2017-11-20,10722,10728,10670,10673
2017-11-21,10697,10791,10696,10791
2017-11-22,10828,10878,10822,10833
2017-11-23,10840,10865,10820,10862
2017-11-24,10850,10867,10840,10867
2017-11-27,10854,10854,10750,10761
2017-11-28,10741,10756,10699,10710
2017-11-29,10749,10765,10714,10734
2017-11-30,10652,10665,10573,10580
2017-12-01,10602,10670,10505,10607
2017-12-04,10608,10656,10576,10656
2017-12-05,10602,10627,10551,10575
2017-12-06,10554,10554,10393,10393
2017-12-07,10387,10430,10339,10367
2017-12-08,10394,10420,10350,10401
2017-12-11,10421,10496,10421,10481
2017-12-12,10499,10499,10400,10436
2017-12-13,10433,10474,10420,10451
2017-12-14,10510,10583,10498,10528
2017-12-15,10510,10515,10421,10485
2017-12-18,10528,10531,10456,10502
2017-12-19,10521,10530,10443,10455
2017-12-20,10466,10519,10461,10519
2017-12-21,10502,10547,10486,10503
2017-12-22,10508,10541,10488,10541
2017-12-25,10562,10575,10531,10534
2017-12-26,10538,10541,10420,10424
2017-12-27,10411,10488,10406,10484
2017-12-28,10520,10595,10510,10568
2017-12-29,10597,10650,10586,10639
2018-01-02,10636,10715,10634,10714
2018-01-03,10746,10799,10743,10796
2018-01-04,10836,10852,10787,10852
2018-01-05,10852,10873,10811,10868
2018-01-08,10910,11777,10859,10897
2018-01-09,10900,10918,10863,10897
2018-01-10,10887,10904,10806,10809
2018-01-11,10807,10834,10766,10800
2018-01-12,10827,10898,10817,10878
2018-01-15,10930,10958,10902,10957
2018-01-16,10936,10987,10917,10983
2018-01-17,10955,11005,10950,10997
2018-01-18,11049,11135,11049,11057
2018-01-19,11083,11148,11083,11145
2018-01-22,11148,11230,11122,11230
2018-01-23,11246,11264,11200,11238
2018-01-24,11234,11234,11103,11134
2018-01-25,11134,11275,11124,11158
2018-01-26,11176,11189,11097,11150
2018-01-29,11228,11246,11170,11207
2018-01-30,11159,11197,11073,11075
2018-01-31,11051,11142,11030,11108
2018-02-01,11133,11205,11124,11167
2018-02-02,11115,11140,11065,11126
2018-02-05,10858,10963,10858,10942
2018-02-06,10653,10679,10251,10398
2018-02-07,10605,10668,10510,10515
2018-02-08,10528,10595,10492,10519
2018-02-09,10200,10368,10123,10354
2018-02-12,10421,10438,10377,10410
2018-02-21,10624,10704,10580,10703
2018-02-22,10650,10667,10615,10643
2018-02-23,10703,10802,10701,10795
2018-02-26,10885,10885,10820,10837
2018-02-27,10909,10923,10804,10805
2018-03-01,10687,10789,10637,10750
2018-03-02,10625,10710,10603,10694
2018-03-05,10717,10759,10619,10651
2018-03-06,10743,10803,10729,10800
2018-03-07,10746,10818,10723,10726
2018-03-08,10795,10859,10787,10841
2018-03-09,10930,10930,10842,10878
2018-03-12,10978,11030,10966,11028
2018-03-13,11033,11111,11016,11110
2018-03-14,11049,11067,11003,11031
2018-03-15,10994,11068,10986,11043
2018-03-16,11040,11043,10922,11017
2018-03-19,10980,11054,10959,11028
2018-03-20,10972,11025,10957,11012
2018-03-21,11017,11052,11010,11017
2018-03-22,11044,11133,10977,11005
2018-03-23,10755,10830,10729,10751
2018-03-26,10699,10864,10699,10862
2018-03-27,10964,11007,10925,11007
2018-03-28,10911,10919,10834,10837
2018-03-29,10846,10873,10797,10860
2018-03-30,10941,10985,10922,10931
2018-03-31,10953,10961,10927,10940
2018-04-02,10928,10969,10864,10881
2018-04-03,10796,10815,10760,10803
2018-04-09,10900,10921,10829,10914
2018-04-10,10888,10990,10867,10952
2018-04-11,10960,11007,10948,10978
2018-04-12,10992,11024,10905,10942
2018-04-13,10968,10988,10920,10956
2018-04-16,10975,10976,10908,10942
2018-04-17,10958,10964,10801,10807
2018-04-18,10855,10890,10803,10856
2018-04-19,10875,10984,10875,10978
2018-04-20,10887,10887,10785,10788
2018-04-23,10737,10776,10697,10699
2018-04-24,10702,10702,10560,10586
2018-04-25,10506,10567,10480,10546
2018-04-26,10593,10630,10482,10486
2018-04-27,10566,10570,10492,10563
2018-04-30,10594,10657,10546,10657
2018-05-02,10618,10670,10608,10614
2018-05-03,10579,10580,10498,10513
2018-05-04,10517,10557,10483,10535
2018-05-07,10606,10624,10543,10605
2018-05-08,10600,10681,10599,10680
2018-05-09,10688,10731,10667,10703
2018-05-10,10735,10770,10722,10764
2018-05-11,10815,10865,10807,10860
2018-05-14,10923,10968,10890,10957
2018-05-15,10943,10962,10857,10864
2018-05-16,10846,10898,10846,10892
2018-05-17,10929,10942,10836,10836
2018-05-18,10853,10882,10829,10831
2018-05-21,10875,10976,10875,10976
2018-05-22,10983,11020,10937,10937
2018-05-23,10933,10969,10875,10875
2018-05-24,10887,10940,10875,10935
2018-05-25,10940,10970,10914,10947
2018-05-28,10984,10999,10958,10996
2018-05-29,10985,10985,10924,10957
2018-05-30,10866,10866,10784,10801
2018-05-31,10861,10896,10850,10887
2018-06-01,10874,10942,10868,10941
2018-06-04,10990,11114,10990,11109
2018-06-05,11131,11139,11066,11096
2018-06-06,11124,11220,11124,11209
2018-06-07,11258,11260,11197,11246
2018-06-08,11216,11227,11132,11145
2018-06-11,11170,11190,11118,11162
2018-06-12,11153,11163,11075,11159
2018-06-13,11152,11169,11096,11145
2018-06-14,11100,11106,10984,10984
2018-06-15,11000,11075,10960,11055
2018-06-19,10950,10958,10873,10873
2018-06-20,10865,10905,10780,10905
2018-06-21,10886,10910,10860,10871
2018-06-22,10792,10846,10753,10817
2018-06-25,10796,10833,10748,10748
2018-06-26,10720,10761,10660,10756
2018-06-27,10748,10748,10677,10685
2018-06-28,10638,10693,10607,10647
2018-06-29,10656,10815,10651,10800
2018-07-02,10803,10842,10736,10738
2018-07-03,10774,10839,10686,10738
2018-07-04,10650,10672,10627,10654
2018-07-05,10671,10671,10529,10539
2018-07-06,10570,10588,10460,10568
2018-07-09,10608,10707,10608,10692
2018-07-10,10762,10770,10707,10729
2018-07-11,10619,10657,10575,10615
2018-07-12,10639,10750,10608,10740
2018-07-13,10805,10850,10768,10850
2018-07-16,10852,10874,10807,10814
2018-07-17,10811,10818,10756,10769
2018-07-18,10812,10848,10776,10802
2018-07-19,10830,10877,10798,10808
2018-07-20,10852,10926,10852,10908
2018-07-23,10917,10967,10880,10915
2018-07-24,10918,10972,10896,10969
2018-07-25,10925,10935,10893,10915
2018-07-26,10962,10972,10932,10965
2018-07-27,10979,11039,10974,11037
2018-07-30,11013,11051,10990,10990
2018-07-31,10983,11043,10970,11037
2018-08-01,11058,11081,11051,11071
2018-08-02,11073,11073,10892,10907
2018-08-03,10960,11000,10960,10995
2018-08-06,11011,11050,10990,11013
2018-08-07,11013,11024,10983,10992
2018-08-08,10996,11070,10996,11049
2018-08-09,11032,11037,10968,11019
2018-08-10,10970,11022,10954,10960
2018-08-13,10910,10912,10693,10756
2018-08-14,10794,10831,10756,10819
2018-08-15,10809,10831,10686,10698
2018-08-16,10639,10734,10607,10700
2018-08-17,10729,10744,10667,10679
2018-08-20,10706,10726,10670,10686
2018-08-21,10716,10785,10701,10781
2018-08-22,10781,10800,10760,10776
2018-08-23,10796,10862,10779,10862
2018-08-24,10835,10847,10758,10811
2018-08-27,10864,10907,10811,10901
2018-08-28,10949,10995,10949,10975
2018-08-29,10984,11066,10984,11060
2018-08-30,11091,11158,11051,11054
2018-08-31,11018,11051,10990,11051
2018-09-03,11045,11067,10947,10956
2018-09-04,10976,11021,10957,11021
2018-09-05,10981,11039,10968,10968
2018-09-06,10930,10966,10889,10916
2018-09-07,10875,10907,10820,10857
2018-09-10,10879,10893,10717,10741
2018-09-11,10756,10767,10691,10752
2018-09-12,10760,10773,10687,10724
2018-09-13,10742,10779,10710,10718
2018-09-14,10785,10887,10771,10881
2018-09-17,10859,10869,10810,10824
2018-09-18,10783,10819,10761,10782
2018-09-19,10839,10877,10829,10877
2018-09-20,10911,10929,10838,10854
2018-09-21,10902,10980,10866,10980
2018-09-25,10962,11001,10948,10983
2018-09-26,10966,10998,10961,10986
2018-09-27,10980,11021,10950,11002
2018-09-28,11024,11058,10948,10980
2018-10-01,10980,11038,10980,11035
2018-10-02,11025,11046,10900,10905
2018-10-03,10895,10920,10860,10866
2018-10-04,10843,10843,10704,10714
2018-10-05,10670,10689,10453,10520
2018-10-08,10467,10536,10425,10463
2018-10-09,10494,10510,10455,10464
2018-10-11,10020,10080,9630,9641
2018-10-12,9737,10021,9683,9950
2018-10-15,9900,9927,9855,9863
2018-10-16,9883,9992,9869,9950
2018-10-17,10083,10088,9941,10010
2018-10-18,9961,10010,9909,9911
2018-10-19,9780,9935,9777,9922
2018-10-22,9849,9995,9798,9967
2018-10-23,9878,9881,9754,9762
2018-10-24,9780,9810,9667,9740
2018-10-25,9464,9585,9438,9511
2018-10-26,9566,9595,9375,9460
2018-10-29,9529,9566,9460,9499
2018-10-30,9484,9577,9484,9538
2018-10-31,9611,9761,9606,9749
2018-11-01,9763,9847,9730,9808
2018-11-02,9891,9897,9815,9890
2018-11-05,9838,9846,9768,9839
2018-11-06,9870,9893,9778,9799
2018-11-07,9803,9912,9803,9868
2018-11-08,9998,10016,9934,9946
2018-11-09,9919,9919,9784,9814
2018-11-12,9771,9880,9766,9835
2018-11-13,9621,9773,9550,9749
2018-11-14,9767,9797,9731,9769
2018-11-15,9792,9837,9708,9828
2018-11-16,9880,9905,9756,9784
2018-11-19,9803,9838,9778,9818
2018-11-20,9756,9809,9703,9733
2018-11-21,9685,9750,9630,9749
2018-11-22,9781,9790,9723,9734
2018-11-23,9728,9750,9637,9646
2018-11-26,9678,9854,9677,9784
2018-11-27,9736,9777,9677,9761
2018-11-28,9783,9894,9770,9887
2018-11-29,9991,10005,9879,9895
2018-11-30,9924,9952,9873,9880
2018-12-03,10023,10167,10018,10136
2018-12-04,10094,10114,10062,10063
2018-12-05,9912,9957,9885,9909
2018-12-06,9858,9858,9651,9689
2018-12-07,9740,9775,9714,9763
2018-12-10,9590,9686,9578,9639
2018-12-11,9656,9711,9648,9710
2018-12-12,9755,9826,9725,9817
2018-12-13,9829,9871,9790,9855
2018-12-14,9810,9811,9675,9728
2018-12-17,9750,9825,9723,9790
2018-12-18,9720,9755,9689,9719
2018-12-19,9745,9769,9738,9761
2018-12-20,9645,9725,9633,9662
2018-12-21,9645,9680,9580,9677
2018-12-22,9621,9637,9604,9608
2018-12-24,9620,9646,9613,9637
2018-12-25,9486,9514,9428,9510
2018-12-26,9533,9572,9463,9475
2018-12-27,9629,9670,9589,9645
2018-12-28,9645,9692,9636,9688
2019-01-02,9750,9770,9528,9546
2019-01-03,9513,9560,9458,9459
2019-01-04,9390,9425,9327,9389
2019-01-07,9542,9601,9508,9581
2019-01-08,9616,9624,9551,9568
2019-01-09,9610,9755,9602,9711
2019-01-10,9711,9713,9673,9695
2019-01-11,9761,9802,9724,9748
2019-01-14,9740,9756,9660,9688
2019-01-15,9745,9817,9715,9796
2019-01-16,9794,9812,9769,9777
2019-01-17,9781,9838,9744,9790
2019-01-18,9830,9851,9780,9833
2019-01-21,9898,9924,9871,9871
2019-01-22,9860,9876,9838,9868
2019-01-23,9842,9872,9827,9837
2019-01-24,9850,9893,9839,9875
2019-01-25,9937,9994,9926,9980
2019-01-28,10015,10022,9983,9997
2019-01-29,9935,9950,9901,9940
2019-01-30,9930,9976,9916,9938
2019-02-11,10013,10080,9989,10003
2019-02-12,10053,10097,10043,10093
2019-02-13,10120,10126,10056,10086
2019-02-14,10050,10124,10034,10081
2019-02-15,10045,10116,10022,10042
2019-02-18,10111,10161,10098,10138
2019-02-19,10126,10158,10108,10146
2019-02-20,10199,10264,10198,10256
2019-02-21,10262,10336,10250,10336
2019-02-22,10268,10320,10265,10320
2019-02-25,10357,10386,10344,10382
2019-02-26,10392,10405,10361,10373
2019-02-27,10366,10397,10345,10383
2019-03-04,10399,10402,10303,10336
2019-03-05,10268,10324,10268,10299
2019-03-06,10288,10345,10288,10338
2019-03-07,10327,10353,10281,10283
2019-03-08,10242,10257,10190,10218
2019-03-11,10194,10250,10184,10245
2019-03-12,10307,10389,10307,10357
2019-03-13,10322,10366,10305,10366
2019-03-14,10392,10392,10322,10336
2019-03-15,10354,10430,10348,10414
2019-03-18,10437,10488,10420,10478
2019-03-19,10492,10511,10461,10505
2019-03-20,10492,10536,10490,10526
2019-03-21,10537,10603,10537,10603
2019-03-22,10654,10669,10582,10627
2019-03-25,10502,10502,10447,10454
2019-03-26,10490,10550,10490,10550
2019-03-27,10531,10546,10510,10540
2019-03-28,10463,10533,10463,10521
2019-03-29,10574,10620,10513,10620
2019-04-01,10697,10730,10635,10658
2019-04-02,10702,10716,10689,10693
2019-04-03,10739,10739,10691,10711
2019-04-08,10790,10803,10770,10784
2019-04-09,10819,10856,10795,10856
2019-04-10,10819,10869,10812,10862
2019-04-11,10870,10885,10774,10805
2019-04-12,10816,10832,10781,10802
2019-04-15,10862,10895,10843,10876
2019-04-16,10870,10933,10863,10931
2019-04-17,10959,10999,10959,10998
2019-04-18,11026,11055,10943,10952
2019-04-19,11022,11045,10966,10981
2019-04-22,11017,11039,10973,10992
2019-04-23,10995,11037,10952,11037
2019-04-24,11052,11055,10993,11023
2019-04-25,11007,11049,10995,11040
2019-04-26,10986,10986,10918,10947
2019-04-29,10977,10985,10918,10942
2019-04-30,10928,10970,10900,10964
2019-05-02,10967,11040,10953,10987
2019-05-03,10992,11106,10992,11106
2019-05-06,11019,11019,10850,10880
2019-05-07,10932,11007,10924,10986
2019-05-08,10839,10943,10837,10894
2019-05-09,10858,10866,10716,10747
2019-05-10,10763,10850,10646,10745
2019-05-13,10685,10709,10566,10575
2019-05-14,10422,10571,10399,10532
2019-05-15,10526,10607,10526,10588
2019-05-16,10555,10587,10493,10497
2019-05-17,10568,10578,10406,10415
2019-05-20,10431,10481,10402,10423
2019-05-21,10390,10486,10380,10475
2019-05-22,10474,10503,10464,10482
2019-05-23,10415,10416,10300,10315
2019-05-24,10322,10380,10317,10335
2019-05-27,10353,10379,10293,10334
2019-05-28,10372,10376,10323,10339
2019-05-29,10224,10295,10224,10295
2019-05-30,10301,10383,10290,10371
2019-05-31,10330,10505,10330,10467
2019-06-03,10434,10487,10380,10486
2019-06-04,10485,10496,10425,10426
2019-06-05,10483,10495,10461,10467
2019-06-06,10450,10450,10368,10387
2019-06-10,10492,10550,10460,10550
2019-06-11,10570,10625,10551,10606
2019-06-12,10588,10611,10564,10592
2019-06-13,10566,10588,10497,10530
2019-06-14,10532,10558,10515,10529
2019-06-17,10476,10566,10460,10545
2019-06-18,10534,10576,10526,10555
2019-06-19,10667,10710,10601,10710
2019-06-20,10707,10732,10693,10730
2019-06-21,10759,10774,10710,10723
2019-06-24,10748,10785,10703,10771
2019-06-25,10762,10780,10680,10695
2019-06-26,10555,10653,10555,10614
2019-06-27,10650,10743,10650,10722
2019-06-28,10722,10730,10667,10684
2019-07-01,10803,10884,10803,10873
2019-07-02,10852,10868,10840,10848
2019-07-03,10666,10766,10622,10693
2019-07-04,10734,10767,10724,10754
2019-07-05,10752,10791,10730,10757
2019-07-08,10699,10748,10674,10710
2019-07-09,10725,10742,10678,10695
2019-07-10,10697,10740,10689,10731
2019-07-11,10800,10833,10773,10814
2019-07-12,10788,10830,10788,10812
2019-07-15,10811,10860,10730,10849
2019-07-16,10864,10892,10851,10879
2019-07-17,10817,10824,10784,10798
2019-07-18,10752,10808,10752,10786
2019-07-19,10886,10914,10859,10872
2019-07-22,10855,10935,10855,10935
2019-07-23,10965,10976,10928,10944
2019-07-24,10890,10908,10871,10882
2019-07-25,10894,10909,10851,10907
2019-07-26,10865,10882,10852,10874
2019-07-29,10860,10888,10837,10871
2019-07-30,10909,10924,10827,10827
2019-07-31,10800,10805,10740,10804
2019-08-01,10693,10763,10693,10709
2019-08-02,10586,10600,10509,10538
2019-08-05,10479,10521,10419,10427
2019-08-06,10150,10433,10149,10380
2019-08-07,10335,10384,10325,10366
2019-08-08,10387,10468,10361,10458
2019-08-12,10467,10494,10409,10461
2019-08-13,10402,10421,10345,10359
2019-08-14,10460,10491,10416,10430
2019-08-15,10248,10335,10242,10300
2019-08-16,10311,10421,10288,10413
2019-08-19,10435,10489,10419,10483
2019-08-20,10481,10530,10478,10525
2019-08-21,10490,10515,10486,10511
2019-08-22,10549,10582,10490,10499
2019-08-23,10509,10532,10484,10520
2019-08-26,10363,10387,10321,10331
2019-08-27,10391,10410,10366,10385
2019-08-28,10395,10456,10395,10430
2019-08-29,10431,10455,10399,10450
2019-08-30,10536,10597,10526,10593
2019-09-02,10582,10631,10575,10626
2019-09-03,10616,10647,10557,10558
2019-09-04,10555,10665,10555,10655
2019-09-05,10727,10767,10711,10741
2019-09-06,10787,10791,10754,10772
2019-09-09,10800,10828,10780,10797
2019-09-10,10800,10814,10739,10745
2019-09-11,10790,10808,10751,10775
2019-09-12,10842,10870,10801,10825
2019-09-16,10803,10885,10801,10880
2019-09-17,10905,10909,10858,10866
2019-09-18,10893,10929,10865,10907
2019-09-19,10931,10948,10872,10886
2019-09-20,10912,10925,10901,10917
2019-09-23,10903,10943,10898,10913
2019-09-24,10931,10942,10892,10922
2019-09-25,10882,10882,10829,10856
2019-09-26,10882,10909,10849,10862
2019-09-27,10890,10910,10828,10838
2019-10-01,10858,10965,10858,10959
2019-10-02,10925,10951,10922,10935
2019-10-03,10834,10884,10790,10857
2019-10-04,10889,10922,10838,10889
2019-10-07,10926,10948,10905,10928
2019-10-08,10953,11020,10953,11000
2019-10-09,10964,10969,10881,10883
2019-10-14,11065,11091,11030,11075
2019-10-15,11077,11122,11073,11110
2019-10-16,11147,11156,11126,11142
2019-10-17,11156,11172,11128,11170
2019-10-18,11205,11231,11149,11165
2019-10-21,11172,11180,11152,11174
2019-10-22,11223,11262,11212,11258
2019-10-23,11239,11259,11200,11215
2019-10-24,11244,11306,11242,11306
2019-10-25,11340,11346,11285,11299
2019-10-28,11332,11351,11307,11321
2019-10-29,11352,11368,11300,11332
2019-10-30,11324,11357,11310,11354
2019-10-31,11384,11410,11361,11363
2019-11-01,11345,11393,11337,11391
2019-11-04,11425,11555,11425,11550
2019-11-05,11590,11649,11576,11645
2019-11-06,11647,11680,11618,11654
2019-11-07,11635,11644,11573,11608
2019-11-08,11660,11660,11570,11581
2019-11-11,11580,11580,11427,11441
2019-11-12,11480,11527,11467,11526
2019-11-13,11465,11494,11428,11465
2019-11-14,11490,11498,11413,11458
2019-11-15,11480,11564,11479,11533
2019-11-18,11532,11594,11507,11592
2019-11-19,11575,11654,11563,11647
2019-11-20,11625,11643,11599,11606
2019-11-21,11536,11556,11468,11555
2019-11-22,11572,11597,11541,11565
2019-11-25,11613,11632,11562,11571
2019-11-26,11625,11651,11603,11613
2019-11-27,11620,11658,11612,11655
2019-11-28,11661,11671,11618,11621
2019-11-29,11615,11618,11473,11476
2019-12-02,11534,11539,11462,11504
2019-12-03,11445,11529,11439,11528
2019-12-04,11501,11509,11452,11506
2019-12-05,11540,11615,11537,11595
2019-12-06,11642,11670,11579,11610
2019-12-09,11671,11690,11636,11665
2019-12-10,11643,11652,11608,11624
2019-12-11,11603,11706,11594,11704
2019-12-12,11767,11888,11753,11853
2019-12-13,11975,12007,11917,11965
2019-12-16,11930,11976,11921,11959
2019-12-17,11975,12101,11945,12098
2019-12-18,12069,12096,12061,12095
2019-12-19,12114,12115,12022,12037
2019-12-20,12050,12061,11954,11980
2019-12-23,12000,12025,11975,12023
2019-12-24,12036,12042,11976,11976
2019-12-25,11990,12033,11986,12028
2019-12-26,12044,12047,11998,12017
2019-12-27,12049,12107,12049,12101
2019-12-30,12100,12128,12066,12067
2019-12-31,12033,12051,11995,11995
2020-01-02,12068,12121,12037,12111
2020-01-03,12186,12200,12018,12097
2020-01-06,12043,12043,11958,11963
2020-01-07,12003,12011,11834,11878
2020-01-08,11726,11892,11697,11789
2020-01-09,11918,11999,11883,11970
2020-01-10,12002,12042,11953,12011
2020-01-13,12086,12121,12044,12116
2020-01-14,12180,12200,12148,12182
2020-01-15,12139,12147,12053,12066
2020-01-16,12050,12086,12001,12064
2020-01-17,12108,12124,12047,12082
2020-01-20,12118,12164,12105,12121
2020-01-30,11818,11818,11387,11387
2020-01-31,11475,11581,11429,11488
2020-02-03,11305,11375,11175,11340
2020-02-04,11388,11569,11380,11550
2020-02-05,11593,11627,11493,11554
2020-02-06,11651,11754,11643,11751
2020-02-07,11680,11680,11583,11606
2020-02-10,11470,11607,11418,11580
2020-02-11,11636,11692,11627,11676
2020-02-12,11659,11797,11647,11770
2020-02-13,11805,11837,11762,11775
2020-02-14,11761,11852,11755,11811
2020-02-17,11704,11792,11700,11770
2020-02-18,11715,11719,11627,11639
2020-02-19,11672,11790,11633,11774
2020-02-20,11828,11838,11697,11727
2020-02-21,11674,11776,11651,11676
2020-02-24,11533,11596,11488,11524
2020-02-25,11410,11567,11398,11549
2020-02-26,11394,11493,11380,11435
2020-02-27,11415,11460,11257,11289
2020-03-02,11033,11293,11028,11191
2020-03-03,11321,11386,11299,11332
2020-03-04,11371,11379,11290,11378
2020-03-05,11468,11514,11445,11500
2020-03-06,11415,11434,11283,11285
2020-03-09,11001,11122,10939,10971
2020-03-10,10853,11024,10805,11011
2020-03-11,10982,11029,10807,10821
2020-03-12,10748,10765,10161,10363
2020-03-13,9701,10148,9451,10011
2020-03-16,9933,10055,9637,9665
2020-03-17,9389,9677,9271,9365
2020-03-18,9285,9392,9032,9032
2020-03-19,8908,9000,8400,8482
2020-03-20,8700,9279,8685,9107
2020-03-23,8697,8965,8663,8769
2020-03-24,9081,9385,9081,9318
2020-03-25,9533,9697,9412,9666
2020-03-26,9757,9763,9524,9720
2020-03-27,9972,9982,9638,9659
2020-03-30,9442,9665,9368,9657
2020-03-31,9758,9794,9587,9680
2020-04-01,9481,9723,9481,9630
2020-04-06,9786,9891,9655,9860
2020-04-07,9999,10045,9926,10015
2020-04-08,9949,10135,9945,10125
2020-04-09,10133,10197,10028,10100
2020-04-10,10043,10140,10035,10133
2020-04-13,10083,10150,10031,10076
2020-04-14,10155,10355,10125,10343
2020-04-15,10335,10463,10249,10389
2020-04-16,10258,10403,10234,10365
2020-04-17,10629,10690,10514,10602
2020-04-20,10568,10597,10515,10528
2020-04-21,10465,10524,10247,10278
2020-04-22,10227,10297,10138,10297
2020-04-23,10339,10459,10248,10374
2020-04-24,10327,10374,10300,10350
2020-04-27,10452,10609,10450,10596
2020-04-28,10623,10647,10541,10625
2020-04-29,10685,10798,10665,10757
2020-04-30,10867,11006,10843,10986
2020-05-04,10595,10741,10533,10672
2020-05-05,10758,10831,10720,10782
2020-05-06,10713,10816,10672,10796
2020-05-07,10778,10908,10762,10876
2020-05-08,10919,10985,10895,10922
2020-05-11,10991,11053,10972,11007
2020-05-12,10949,10966,10854,10893
2020-05-13,10782,10925,10775,10916
2020-05-14,10827,10877,10738,10748
2020-05-15,10833,10869,10700,10819
2020-05-18,10773,10823,10724,10761
2020-05-19,10930,10964,10837,10870
2020-05-20,10871,10919,10844,10891
2020-05-21,10939,11030,10932,10980
2020-05-22,10959,10964,10775,10790
2020-05-25,10839,10873,10715,10858
2020-05-26,10927,11044,10925,11007
2020-05-27,10975,11057,10964,11001
2020-05-28,11088,11100,10900,10947
2020-05-29,10918,10973,10850,10943
2020-06-01,11004,11110,10996,11077
2020-06-02,11098,11154,11098,11128
2020-06-03,11248,11312,11228,11299
2020-06-04,11423,11434,11329,11374
2020-06-05,11408,11483,11395,11474
2020-06-08,11562,11638,11513,11587
2020-06-09,11619,11635,11547,11629
2020-06-10,11634,11730,11596,11705
2020-06-11,11683,11738,11475,11489
2020-06-12,11334,11433,11250,11395
2020-06-15,11358,11445,11216,11228
2020-06-16,11443,11555,11421,11524
2020-06-17,11430,11516,11429,11501
2020-06-18,11507,11562,11445,11540
2020-06-19,11572,11582,11515,11554
2020-06-22,11513,11634,11511,11567
2020-06-23,11639,11672,11511,11603
2020-06-24,11654,11675,11616,11635
2020-06-29,11507,11567,11441,11483
2020-06-30,11590,11620,11541,11589
2020-07-01,11544,11674,11538,11604
2020-07-02,11637,11770,11637,11755
2020-07-03,11845,11900,11817,11891
2020-07-06,11987,12115,11967,12115
2020-07-07,12188,12235,12045,12077
2020-07-08,12045,12145,12026,12126
2020-07-09,12205,12222,12118,12148
2020-07-10,12202,12213,11987,11997
2020-07-13,12138,12210,12104,12207
2020-07-14,12150,12224,12119,12187
2020-07-15,12333,12333,12149,12212
2020-07-16,12189,12219,12075,12161
2020-07-17,12219,12262,12145,12169
2020-07-20,12201,12203,12050,12168
2020-07-21,12253,12451,12253,12420
2020-07-22,12381,12445,12350,12421
2020-07-23,12395,12409,12307,12386
2020-07-24,12331,12450,12232,12255
2020-07-27,12498,12667,12492,12603
2020-07-28,12930,13010,12523,12561
2020-07-29,12502,12615,12475,12503
2020-07-30,12704,12706,12575,12675
2020-07-31,12680,12725,12615,12660
2020-08-03,12611,12650,12501,12529
2020-08-04,12599,12713,12574,12710
2020-08-05,12750,12791,12700,12791
2020-08-06,12887,12959,12808,12885
2020-08-07,12903,12904,12759,12810
2020-08-10,12823,12940,12771,12897
2020-08-11,12865,12914,12766,12771
2020-08-12,12700,12701,12565,12656
2020-08-13,12815,12836,12702,12726
2020-08-14,12700,12790,12645,12790
2020-08-17,12777,12959,12770,12955
2020-08-18,12985,12998,12836,12876
2020-08-19,12903,12940,12781,12787
2020-08-20,12732,12749,12119,12345
2020-08-21,12500,12632,12483,12592
2020-08-24,12620,12687,12549,12639
2020-08-25,12673,12825,12673,12769
2020-08-26,12759,12827,12714,12827
2020-08-27,12871,12946,12771,12786
2020-08-28,12781,12804,12670,12720
2020-08-31,12850,12850,12599,12622
2020-09-01,12597,12714,12572,12707
2020-09-02,12791,12791,12628,12716
2020-09-03,12794,12865,12729,12753
2020-09-04,12592,12664,12543,12630
2020-09-07,12640,12742,12581,12598
2020-09-08,12675,12704,12627,12683
2020-09-09,12542,12606,12433,12599
2020-09-10,12668,12706,12622,12698
2020-09-11,12655,12689,12606,12664
2020-09-14,12682,12797,12675,12785
2020-09-15,12768,12854,12756,12844
2020-09-16,12895,12957,12893,12929
2020-09-17,12898,12938,12818,12856
2020-09-18,12879,12900,12819,12864
2020-09-21,12856,12915,12717,12721
2020-09-22,12678,12713,12606,12623
2020-09-23,12656,12656,12525,12593
2020-09-24,12466,12469,12250,12253
2020-09-25,12320,12364,12163,12244
2020-09-28,12320,12459,12300,12457
2020-09-29,12511,12552,12445,12457
2020-09-30,12486,12560,12477,12506
2020-10-05,12590,12646,12517,12561
2020-10-06,12640,12717,12640,12702
2020-10-07,12655,12781,12641,12781
2020-10-08,12843,12894,12805,12894
2020-10-12,12937,13010,12910,12946
2020-10-13,12966,12969,12865,12954
2020-10-14,12939,12956,12871,12891
2020-10-15,12837,12892,12728,12841
2020-10-16,12815,12865,12719,12745
2020-10-19,12780,12912,12779,12896
2020-10-20,12885,12905,12844,12855
2020-10-21,12870,12905,12850,12860
2020-10-22,12780,12888,12755,12888
2020-10-23,12920,12937,12865,12899
2020-10-26,12907,12973,12879,12909
2020-10-27,12874,12878,12824,12867
2020-10-28,12851,12852,12761,12790
2020-10-29,12640,12689,12559,12656
2020-10-30,12580,12618,12475,12481
2020-11-02,12522,12595,12475,12584
2020-11-03,12671,12753,12670,12732
2020-11-04,12808,12903,12712,12899
2020-11-05,12944,12944,12851,12920
2020-11-06,12958,13004,12920,12957
2020-11-09,13088,13170,13066,13139
2020-11-10,13147,13157,13032,13085
2020-11-11,13096,13281,13076,13264
2020-11-12,13265,13305,13193,13229
2020-11-13,13226,13285,13162,13285
2020-11-16,13405,13581,13402,13581
2020-11-17,13653,13736,13602,13622
2020-11-18,13613,13750,13608,13733
2020-11-19,13753,13766,13688,13764
2020-11-20,13729,13757,13673,13757
2020-11-23,13794,13956,13794,13900
2020-11-24,13935,13949,13802,13816
2020-11-25,13902,13922,13718,13732
2020-11-26,13821,13874,13766,13857
2020-11-27,13796,13901,13789,13891
2020-11-30,13899,13985,13745,13754
2020-12-01,13835,13896,13774,13893
2020-12-02,13942,13989,13875,13974
2020-12-03,13981,14059,13930,13999
2020-12-04,14033,14165,14033,14152
2020-12-07,14222,14265,14127,14256
2020-12-08,14241,14364,14196,14358
2020-12-09,14370,14425,14331,14396
2020-12-10,14258,14314,14178,14239
2020-12-11,14288,14340,14091,14239
2020-12-14,14265,14286,14196,14201
2020-12-15,14162,14233,14030,14080
2020-12-16,14160,14273,14152,14265
2020-12-17,14286,14301,14202,14288
2020-12-18,14273,14308,14230,14237
2020-12-21,14253,14400,14136,14400
2020-12-22,14349,14411,14129,14131
2020-12-23,14171,14236,14119,14177
2020-12-24,14254,14329,14239,14291
2020-12-25,14366,14415,14300,14350
2020-12-28,14359,14483,14358,14480
2020-12-29,14500,14511,14452,14503
2020-12-30,14483,14662,14476,14662
2020-12-31,14689,14733,14645,14720
2021-01-04,14696,14941,14686,14899
2021-01-05,14889,15012,14870,15005
2021-01-06,15069,15157,14807,14940
2021-01-07,15082,15278,15053,15242
2021-01-08,15375,15481,15289,15467
2021-01-11,15424,15555,15389,15555
2021-01-12,15542,15619,15437,15512
2021-01-13,15551,15790,15551,15762
2021-01-14,15704,15766,15632,15726
2021-01-15,15945,16002,15584,15635
2021-01-18,15641,15679,15326,15608
2021-01-19,15718,15946,15710,15893
2021-01-20,15893,15939,15724,15780
2021-01-21,15827,16210,15819,16158
2021-01-22,16131,16131,15971,16013
2021-01-25,15994,16025,15772,15953
2021-01-26,15911,16008,15612,15676
2021-01-27,15768,15844,15631,15692
2021-01-28,15430,15551,15349,15419
2021-01-29,15534,15565,15104,15110
2021-02-01,15109,15411,15109,15390
2021-02-02,15501,15817,15490,15764
2021-02-03,15865,15875,15716,15773
2021-02-04,15727,15778,15542,15700
2021-02-05,15815,15985,15751,15802
2021-02-17,16217,16402,16192,16384
2021-02-18,16415,16550,16346,16420
2021-02-19,16353,16366,16193,16354
2021-02-22,16530,16588,16390,16426
2021-02-23,16286,16493,16247,16485
2021-02-24,16349,16472,16200,16225
2021-02-25,16424,16464,16300,16441
2021-02-26,16105,16164,15949,15992
2021-03-02,16297,16318,15931,15948
2021-03-03,16059,16217,15930,16206
2021-03-04,16062,16096,15808,15955
2021-03-05,15652,15944,15628,15884
2021-03-08,15980,16109,15811,15845
2021-03-09,15841,15870,15653,15860
2021-03-10,15979,15990,15807,15878
2021-03-11,15950,16213,15940,16171
2021-03-12,16278,16285,16155,16223
2021-03-15,16200,16248,16142,16199
2021-03-16,16250,16348,16212,16306
2021-03-17,16269,16299,16166,16213
2021-03-18,16280,16430,16265,16278
2021-03-19,16132,16161,16010,16060
2021-03-22,16066,16203,15966,16175
2021-03-23,16249,16312,16154,16167
2021-03-24,16066,16100,15991,16014
2021-03-25,15929,16113,15919,16055
2021-03-26,16132,16318,16121,16318
2021-03-29,16407,16505,16378,16439
2021-03-30,16500,16542,16443,16534
2021-03-31,16578,16578,16434,16451
2021-04-01,16543,16600,16484,16571
2021-04-06,16786,16844,16717,16742
2021-04-07,16777,16802,16707,16791
2021-04-08,16731,16940,16711,16939
2021-04-09,16964,16977,16835,16856
2021-04-12,16916,16971,16788,16855
2021-04-13,16912,17039,16802,16816
2021-04-14,16855,16917,16591,16857
2021-04-15,16880,17074,16852,17072
2021-04-16,17060,17160,16990,17157
2021-04-19,17112,17295,17110,17270
2021-04-20,17238,17325,17205,17321
2021-04-21,17270,17270,17143,17174
2021-04-22,17293,17407,17094,17142
2021-04-23,17099,17290,17099,17281
2021-04-26,17364,17560,17358,17551
2021-04-27,17553,17609,17495,17603
2021-04-28,17558,17584,17510,17560
2021-04-29,17590,17720,17560,17593
2021-05-03,17534,17561,17264,17301
2021-05-04,17302,17329,16706,16966
2021-05-05,16878,17039,16789,16789
2021-05-06,16892,17088,16743,16960
2021-05-07,17133,17298,17077,17298
2021-05-10,17372,17383,17202,17245
